Library;Function
/lib/x86_64-linux-gnu/libstdc++.so.6;_ZNKSt12__basic_fileIcE7is_openEv@GLIBCXX_3.4
/lib/x86_64-linux-gnu/libstdc++.so.6;_ZNKSt5ctypeIcE13_M_widen_initEv@GLIBCXX_3.4.11
/lib/x86_64-linux-gnu/libstdc++.so.6;_ZNSdD2Ev@GLIBCXX_3.4
/lib/x86_64-linux-gnu/libstdc++.so.6;_ZNSi10_M_extractIdEERSiRT_@GLIBCXX_3.4.9
/lib/x86_64-linux-gnu/libstdc++.so.6;_ZNSi10_M_extractIfEERSiRT_@GLIBCXX_3.4.9
/lib/x86_64-linux-gnu/libstdc++.so.6;_ZNSi10_M_extractIjEERSiRT_@GLIBCXX_3.4.9
/lib/x86_64-linux-gnu/libstdc++.so.6;_ZNSo3putEc@GLIBCXX_3.4
/lib/x86_64-linux-gnu/libstdc++.so.6;_ZNSo5flushEv@GLIBCXX_3.4
/lib/x86_64-linux-gnu/libstdc++.so.6;_ZNSo9_M_insertIdEERSoT_@GLIBCXX_3.4.9
/lib/x86_64-linux-gnu/libstdc++.so.6;_ZNSo9_M_insertImEERSoT_@GLIBCXX_3.4.9
/lib/x86_64-linux-gnu/libstdc++.so.6;_ZNSolsEi@GLIBCXX_3.4
/lib/x86_64-linux-gnu/libstdc++.so.6;_ZNSt12__basic_fileIcED1Ev@GLIBCXX_3.4
/lib/x86_64-linux-gnu/libstdc++.so.6;_ZNSt13basic_filebufIcSt11char_traitsIcEE4openEPKcSt13_Ios_Openmode@GLIBCXX_3.4
/lib/x86_64-linux-gnu/libstdc++.so.6;_ZNSt13basic_filebufIcSt11char_traitsIcEE5closeEv@GLIBCXX_3.4
/lib/x86_64-linux-gnu/libstdc++.so.6;_ZNSt13basic_filebufIcSt11char_traitsIcEEC1Ev@GLIBCXX_3.4
/lib/x86_64-linux-gnu/libstdc++.so.6;_ZNSt13basic_filebufIcSt11char_traitsIcEED1Ev@GLIBCXX_3.4
/lib/x86_64-linux-gnu/libstdc++.so.6;_ZNSt14basic_ifstreamIcSt11char_traitsIcEED1Ev@GLIBCXX_3.4
/lib/x86_64-linux-gnu/libstdc++.so.6;_ZNSt6chrono3_V212steady_clock3nowEv@GLIBCXX_3.4.19
/lib/x86_64-linux-gnu/libstdc++.so.6;_ZNSt6localeC1Ev@GLIBCXX_3.4
/lib/x86_64-linux-gnu/libstdc++.so.6;_ZNSt6localeD1Ev@GLIBCXX_3.4
/lib/x86_64-linux-gnu/libstdc++.so.6;_ZNSt6thread15_M_start_threadESt10unique_ptrINS_6_StateESt14default_deleteIS1_EEPFvvE@GLIBCXX_3.4.22
/lib/x86_64-linux-gnu/libstdc++.so.6;_ZNSt6thread20hardware_concurrencyEv@GLIBCXX_3.4.17
/lib/x86_64-linux-gnu/libstdc++.so.6;_ZNSt6thread4joinEv@GLIBCXX_3.4.11
/lib/x86_64-linux-gnu/libstdc++.so.6;_ZNSt6thread6_StateD2Ev@GLIBCXX_3.4.22
/lib/x86_64-linux-gnu/libstdc++.so.6;_ZNSt7__cxx1112basic_stringIcSt11char_traitsIcESaIcEE15_M_replace_coldEPcmPKcmm@GLIBCXX_3.4.31
/lib/x86_64-linux-gnu/libstdc++.so.6;_ZNSt7__cxx1115basic_stringbufIcSt11char_traitsIcESaIcEE7_M_syncEPcmm@GLIBCXX_3.4.21
/lib/x86_64-linux-gnu/libstdc++.so.6;_ZNSt7__cxx1118basic_stringstreamIcSt11char_traitsIcESaIcEED1Ev@GLIBCXX_3.4.21
/lib/x86_64-linux-gnu/libstdc++.so.6;_ZNSt7__cxx1119basic_istringstreamIcSt11char_traitsIcESaIcEED1Ev@GLIBCXX_3.4.21
/lib/x86_64-linux-gnu/libstdc++.so.6;_ZNSt8ios_baseC2Ev@GLIBCXX_3.4
/lib/x86_64-linux-gnu/libstdc++.so.6;_ZNSt8ios_baseD2Ev@GLIBCXX_3.4
/lib/x86_64-linux-gnu/libstdc++.so.6;_ZNSt9basic_iosIcSt11char_traitsIcEE4initEPSt15basic_streambufIcS1_E@GLIBCXX_3.4
/lib/x86_64-linux-gnu/libstdc++.so.6;_ZNSt9basic_iosIcSt11char_traitsIcEE5clearESt12_Ios_Iostate@GLIBCXX_3.4
/lib/x86_64-linux-gnu/libstdc++.so.6;_ZSt11_Hash_bytesPKvmm@CXXABI_1.3.5
/lib/x86_64-linux-gnu/libstdc++.so.6;_ZSt16__ostream_insertIcSt11char_traitsIcEERSt13basic_ostreamIT_T0_ES6_PKS3_l@GLIBCXX_3.4.9
/lib/x86_64-linux-gnu/libstdc++.so.6;_ZSt16__throw_bad_castv@GLIBCXX_3.4
/lib/x86_64-linux-gnu/libstdc++.so.6;_ZSt17__throw_bad_allocv@GLIBCXX_3.4
/lib/x86_64-linux-gnu/libstdc++.so.6;_ZSt18_Rb_tree_decrementPSt18_Rb_tree_node_base@GLIBCXX_3.4
/lib/x86_64-linux-gnu/libstdc++.so.6;_ZSt18_Rb_tree_incrementPKSt18_Rb_tree_node_base@GLIBCXX_3.4
/lib/x86_64-linux-gnu/libstdc++.so.6;_ZSt18_Rb_tree_incrementPSt18_Rb_tree_node_base@GLIBCXX_3.4
/lib/x86_64-linux-gnu/libstdc++.so.6;_ZSt19__throw_logic_errorPKc@GLIBCXX_3.4
/lib/x86_64-linux-gnu/libstdc++.so.6;_ZSt20__throw_length_errorPKc@GLIBCXX_3.4
/lib/x86_64-linux-gnu/libstdc++.so.6;_ZSt21ios_base_library_initv@GLIBCXX_3.4.32
/lib/x86_64-linux-gnu/libstdc++.so.6;_ZSt24__throw_out_of_range_fmtPKcz@GLIBCXX_3.4.20
/lib/x86_64-linux-gnu/libstdc++.so.6;_ZSt28__throw_bad_array_new_lengthv@GLIBCXX_3.4.29
/lib/x86_64-linux-gnu/libstdc++.so.6;_ZSt29_Rb_tree_insert_and_rebalancebPSt18_Rb_tree_node_baseS0_RS_@GLIBCXX_3.4
/lib/x86_64-linux-gnu/libstdc++.so.6;_ZSt7getlineIcSt11char_traitsIcESaIcEERSt13basic_istreamIT_T0_ES7_RNSt7__cxx1112basic_stringIS4_S5_T1_EES4_@GLIBCXX_3.4.21
/lib/x86_64-linux-gnu/libstdc++.so.6;_ZSt9terminatev@GLIBCXX_3.4
/lib/x86_64-linux-gnu/libstdc++.so.6;_ZStlsISt11char_traitsIcEERSt13basic_ostreamIcT_ES5_PKc@GLIBCXX_3.4
/lib/x86_64-linux-gnu/libstdc++.so.6;_ZStrsIcSt11char_traitsIcESaIcEERSt13basic_istreamIT_T0_ES7_RNSt7__cxx1112basic_stringIS4_S5_T1_EE@GLIBCXX_3.4.21
/lib/x86_64-linux-gnu/libstdc++.so.6;_ZdlPvm@CXXABI_1.3.9
/lib/x86_64-linux-gnu/libstdc++.so.6;_ZdlPvmSt11align_val_t@CXXABI_1.3.11
/lib/x86_64-linux-gnu/libstdc++.so.6;_Znwm@GLIBCXX_3.4
/lib/x86_64-linux-gnu/libstdc++.so.6;__cxa_begin_catch@CXXABI_1.3
/lib/x86_64-linux-gnu/libstdc++.so.6;__cxa_end_catch@CXXABI_1.3
/lib/x86_64-linux-gnu/libstdc++.so.6;__cxa_guard_acquire@CXXABI_1.3
/lib/x86_64-linux-gnu/libstdc++.so.6;__cxa_guard_release@CXXABI_1.3
/lib/x86_64-linux-gnu/libstdc++.so.6;__cxa_rethrow@CXXABI_1.3
/lib/x86_64-linux-gnu/libstdc++.so.6;__cxa_thread_atexit@CXXABI_1.3.7
/lib/x86_64-linux-gnu/libstdc++.so.6;__dynamic_cast@CXXABI_1.3
/lib/x86_64-linux-gnu/libstdc++.so.6;__gxx_personality_v0@CXXABI_1.3
/lib/x86_64-linux-gnu/libstdc++.so.6;exit@GLIBC_2.2.5
/lib/x86_64-linux-gnu/libstdc++.so.6;free@GLIBC_2.2.5
/lib/x86_64-linux-gnu/libm.so.6;feclearexcept@GLIBC_2.2.5
/lib/x86_64-linux-gnu/libm.so.6;fesetround@GLIBC_2.2.5
/lib/x86_64-linux-gnu/libm.so.6;fetestexcept@GLIBC_2.2.5
/lib/x86_64-linux-gnu/libm.so.6;frexp@GLIBC_2.2.5
/lib/x86_64-linux-gnu/libm.so.6;ldexp@GLIBC_2.2.5
/lib/x86_64-linux-gnu/libm.so.6;log2@GLIBC_2.29
/lib/x86_64-linux-gnu/libm.so.6;round@GLIBC_2.2.5
/lib/x86_64-linux-gnu/libm.so.6;sqrt@GLIBC_2.2.5
/lib/x86_64-linux-gnu/libc.so.6;__cxa_atexit@GLIBC_2.2.5
/lib/x86_64-linux-gnu/libc.so.6;__cxa_thread_atexit@CXXABI_1.3.7
/lib/x86_64-linux-gnu/libc.so.6;__fprintf_chk@GLIBC_2.3.4
/lib/x86_64-linux-gnu/libc.so.6;__isoc23_fscanf@GLIBC_2.38
/lib/x86_64-linux-gnu/libc.so.6;__isoc23_sscanf@GLIBC_2.38
/lib/x86_64-linux-gnu/libc.so.6;__libc_start_main@GLIBC_2.34
/lib/x86_64-linux-gnu/libc.so.6;__stack_chk_fail@GLIBC_2.4
/lib/x86_64-linux-gnu/libc.so.6;exit@GLIBC_2.2.5
/lib/x86_64-linux-gnu/libc.so.6;fclose@GLIBC_2.2.5
/lib/x86_64-linux-gnu/libc.so.6;feof@GLIBC_2.2.5
/lib/x86_64-linux-gnu/libc.so.6;fgets@GLIBC_2.2.5
/lib/x86_64-linux-gnu/libc.so.6;fopen@GLIBC_2.2.5
/lib/x86_64-linux-gnu/libc.so.6;fputc@GLIBC_2.2.5
/lib/x86_64-linux-gnu/libc.so.6;fread@GLIBC_2.2.5
/lib/x86_64-linux-gnu/libc.so.6;free@GLIBC_2.2.5
/lib/x86_64-linux-gnu/libc.so.6;frexp@GLIBC_2.2.5
/lib/x86_64-linux-gnu/libc.so.6;fwrite@GLIBC_2.2.5
/lib/x86_64-linux-gnu/libc.so.6;ldexp@GLIBC_2.2.5
/lib/x86_64-linux-gnu/libc.so.6;malloc@GLIBC_2.2.5
/lib/x86_64-linux-gnu/libc.so.6;memcpy@GLIBC_2.14
/lib/x86_64-linux-gnu/libc.so.6;memmove@GLIBC_2.2.5
/lib/x86_64-linux-gnu/libc.so.6;sched_yield@GLIBC_2.2.5
/lib/x86_64-linux-gnu/libc.so.6;setlocale@GLIBC_2.2.5
/lib/x86_64-linux-gnu/libc.so.6;strdup@GLIBC_2.2.5
/lib/x86_64-linux-gnu/ld-linux-x86-64.so.2;free@GLIBC_2.2.5
/lib/x86_64-linux-gnu/libtbb.so.12;_ZN3tbb6detail2r110deallocateERNS0_2d117small_object_poolEPvmRKNS2_14execution_dataE
/lib/x86_64-linux-gnu/libtbb.so.12;_ZN3tbb6detail2r110initializeERNS0_2d115task_arena_baseE
/lib/x86_64-linux-gnu/libtbb.so.12;_ZN3tbb6detail2r110initializeERNS0_2d118task_group_contextE
/lib/x86_64-linux-gnu/libtbb.so.12;_ZN3tbb6detail2r114execution_slotEPKNS0_2d114execution_dataE
/lib/x86_64-linux-gnu/libtbb.so.12;_ZN3tbb6detail2r114notify_waitersEm
/lib/x86_64-linux-gnu/libtbb.so.12;_ZN3tbb6detail2r115max_concurrencyEPKNS0_2d115task_arena_baseE
/lib/x86_64-linux-gnu/libtbb.so.12;_ZN3tbb6detail2r116execute_and_waitERNS0_2d14taskERNS2_18task_group_contextERNS2_12wait_contextES6_
/lib/x86_64-linux-gnu/libtbb.so.12;_ZN3tbb6detail2r122cancel_group_executionERNS0_2d118task_group_contextE
/lib/x86_64-linux-gnu/libtbb.so.12;_ZN3tbb6detail2r124cache_aligned_deallocateEPv
/lib/x86_64-linux-gnu/libtbb.so.12;_ZN3tbb6detail2r128is_group_execution_cancelledERNS0_2d118task_group_contextE
/lib/x86_64-linux-gnu/libtbb.so.12;_ZN3tbb6detail2r14waitERNS0_2d112wait_contextERNS2_18task_group_contextE
/lib/x86_64-linux-gnu/libtbb.so.12;_ZN3tbb6detail2r15resetERNS0_2d118task_group_contextE
/lib/x86_64-linux-gnu/libtbb.so.12;_ZN3tbb6detail2r15spawnERNS0_2d14taskERNS2_18task_group_contextE
/lib/x86_64-linux-gnu/libtbb.so.12;_ZN3tbb6detail2r17destroyERNS0_2d118task_group_contextE
/lib/x86_64-linux-gnu/libtbb.so.12;_ZN3tbb6detail2r17executeERNS0_2d115task_arena_baseERNS2_13delegate_baseE
/lib/x86_64-linux-gnu/libtbb.so.12;_ZN3tbb6detail2r18allocateERPNS0_2d117small_object_poolEm
/lib/x86_64-linux-gnu/libtbb.so.12;_ZN3tbb6detail2r18allocateERPNS0_2d117small_object_poolEmRKNS2_14execution_dataE
/lib/x86_64-linux-gnu/libtbb.so.12;_ZN3tbb6detail2r19terminateERNS0_2d115task_arena_baseE
/lib/x86_64-linux-gnu/libtbb.so.12;malloc@GLIBC_2.2.5
/lib/x86_64-linux-gnu/libgcc_s.so.1;_Unwind_Resume@GCC_3.0
